draw_index,ratio
0,2.725781638322589
1,2.725781638322589
2,2.725781638322589
3,2.725781638322589
4,2.725781638322589
5,2.725781638322589
6,2.725781638322589
7,2.725781638322589
8,2.725781638322589
9,2.725781638322589
10,2.725781638322589
11,2.2933461807161843
12,2.2933461807161843
13,2.4411294876024887
14,2.2933461807161843
15,2.2933461807161843
16,2.2933461807161843
17,2.386705418999842
18,2.2933461807161843
19,2.2933461807161843
20,2.5600897363307813
21,2.2933461807161843
22,2.4411294876024887
23,2.2933461807161843
24,2.2933461807161843
25,2.2933461807161843
26,2.386705418999842
27,2.2933461807161843
28,2.2933461807161843
29,2.5600897363307813
30,2.4411294876024887
31,2.2933461807161843
32,2.2933461807161843
33,2.2933461807161843
34,2.386705418999842
35,2.2933461807161843
36,2.2933461807161843
37,2.5600897363307813
38,2.4411294876024887
39,2.4411294876024887
40,2.4411294876024887
41,2.4411294876024887
42,2.4411294876024887
43,2.4411294876024887
44,2.5600897363307813
45,2.2933461807161843
46,2.2933461807161843
47,2.386705418999842
48,2.2933461807161843
49,2.2933461807161843
50,2.5600897363307813
51,2.2933461807161843
52,2.386705418999842
53,2.2933461807161843
54,2.2933461807161843
55,2.5600897363307813
56,2.386705418999842
57,2.2933461807161843
58,2.2933461807161843
59,2.5600897363307813
60,2.386705418999842
61,2.386705418999842
62,2.5600897363307813
63,2.2933461807161843
64,2.5600897363307813
65,2.5600897363307813
66,2.2933461807161843
67,2.2933461807161843
68,2.4411294876024887
69,2.2933461807161843
70,2.2933461807161843
71,2.2933461807161843
72,2.386705418999842
73,2.2933461807161843
74,2.2933461807161843
75,2.5600897363307813
76,2.2933461807161843
77,2.4411294876024887
78,2.2933461807161843
79,2.2933461807161843
80,2.2933461807161843
81,2.386705418999842
82,2.2933461807161843
83,2.2933461807161843
84,2.5600897363307813
85,2.4411294876024887
86,2.2933461807161843
87,2.2933461807161843
88,2.2933461807161843
89,2.386705418999842
90,2.2933461807161843
91,2.2933461807161843
92,2.5600897363307813
93,2.4411294876024887
94,2.4411294876024887
95,2.4411294876024887
96,2.4411294876024887
97,2.4411294876024887
98,2.4411294876024887
99,2.5600897363307813
100,2.2933461807161843
101,2.2933461807161843
102,2.386705418999842
103,2.2933461807161843
104,2.2933461807161843
105,2.5600897363307813
106,2.2933461807161843
107,2.386705418999842
108,2.2933461807161843
109,2.2933461807161843
110,2.5600897363307813
111,2.386705418999842
112,2.2933461807161843
113,2.2933461807161843
114,2.5600897363307813
115,2.386705418999842
116,2.386705418999842
117,2.5600897363307813
118,2.2933461807161843
119,2.5600897363307813
120,2.5600897363307813
121,2.145921636068585
122,2.2933461807161843
123,2.145921636068585
124,2.145921636068585
125,2.145921636068585
126,2.2933461807161843
127,2.145921636068585
128,2.145921636068585
129,2.2933461807161843
130,2.2933461807161843
131,1.9566987372189943
132,1.9566987372189943
133,1.9566987372189943
134,2.2933461807161843
135,1.9566987372189943
136,1.9566987372189943
137,2.2933461807161843
138,2.2933461807161843
139,2.2933461807161843
140,2.2933461807161843
141,2.386705418999842
142,2.2933461807161843
143,2.2933461807161843
144,2.4411294876024887
145,1.6711159158588083
146,1.2233359958230854
147,2.2933461807161843
148,1.0568203148873347
149,1.2265350721563697
150,2.2933461807161843
151,1.6711159158588083
152,2.2933461807161843
153,1.6711159158588083
154,1.6711159158588083
155,2.2933461807161843
156,2.2933461807161843
157,1.2233359958230854
158,1.2265350721563697
159,2.2933461807161843
160,2.2933461807161843
161,2.2933461807161843
162,2.386705418999842
163,1.2265350721563697
164,2.2933461807161843
165,2.2933461807161843
166,2.2933461807161843
167,2.145921636068585
168,2.145921636068585
169,2.145921636068585
170,2.2933461807161843
171,2.145921636068585
172,2.145921636068585
173,2.2933461807161843
174,2.2933461807161843
175,2.2933461807161843
176,2.2933461807161843
177,2.386705418999842
178,2.2933461807161843
179,2.2933461807161843
180,2.4411294876024887
181,2.145921636068585
182,2.145921636068585
183,2.2933461807161843
184,2.145921636068585
185,2.145921636068585
186,2.2933461807161843
187,2.145921636068585
188,2.2933461807161843
189,2.145921636068585
190,2.145921636068585
191,2.2933461807161843
192,2.2933461807161843
193,2.145921636068585
194,2.145921636068585
195,2.2933461807161843
196,2.2933461807161843
197,2.2933461807161843
198,2.386705418999842
199,2.145921636068585
200,2.2933461807161843
201,2.2933461807161843
202,2.2933461807161843
203,2.2933461807161843
204,2.2933461807161843
205,2.386705418999842
206,2.2933461807161843
207,2.2933461807161843
208,2.4411294876024887
209,1.9566987372189943
210,1.9566987372189943
211,2.2933461807161843
212,1.9566987372189943
213,1.9566987372189943
214,2.2933461807161843
215,1.9566987372189943
216,2.2933461807161843
217,1.9566987372189943
218,1.9566987372189943
219,2.2933461807161843
220,2.2933461807161843
221,1.9566987372189943
222,1.9566987372189943
223,2.2933461807161843
224,2.2933461807161843
225,2.2933461807161843
226,2.386705418999842
227,1.9566987372189943
228,2.2933461807161843
229,2.2933461807161843
230,2.2933461807161843
231,2.2933461807161843
232,2.386705418999842
233,2.2933461807161843
234,2.2933461807161843
235,2.4411294876024887
236,2.2933461807161843
237,2.386705418999842
238,2.2933461807161843
239,2.2933461807161843
240,2.4411294876024887
241,2.386705418999842
242,2.2933461807161843
243,2.2933461807161843
244,2.4411294876024887
245,2.386705418999842
246,2.386705418999842
247,2.4411294876024887
248,2.2933461807161843
249,2.4411294876024887
250,2.4411294876024887
251,1.6711159158588083
252,2.2933461807161843
253,1.6711159158588083
254,1.6711159158588083
255,2.2933461807161843
256,2.2933461807161843
257,1.2233359958230854
258,1.2265350721563697
259,2.2933461807161843
260,2.2933461807161843
261,2.2933461807161843
262,2.386705418999842
263,1.2265350721563697
264,2.2933461807161843
265,2.2933461807161843
266,2.2933461807161843
267,1.6711159158588083
268,1.6711159158588083
269,2.2933461807161843
270,2.2933461807161843
271,2.2933461807161843
272,2.386705418999842
273,1.6711159158588083
274,2.2933461807161843
275,2.2933461807161843
276,2.2933461807161843
277,2.2933461807161843
278,2.386705418999842
279,1.2265350721563697
280,2.2933461807161843
281,2.2933461807161843
282,2.2933461807161843
283,2.386705418999842
284,2.386705418999842
285,2.2933461807161843
286,2.725781638322589
287,2.725781638322589
288,2.725781638322589
289,2.725781638322589
290,2.725781638322589
291,2.725781638322589
292,2.725781638322589
293,2.725781638322589
294,2.725781638322589
295,2.725781638322589
296,2.725781638322589
297,2.725781638322589
298,2.725781638322589
299,2.725781638322589
300,2.725781638322589
301,2.725781638322589
302,2.725781638322589
303,2.725781638322589
304,2.725781638322589
305,2.725781638322589
306,2.725781638322589
307,2.725781638322589
308,2.725781638322589
309,2.725781638322589
310,2.725781638322589
311,2.725781638322589
312,2.725781638322589
313,2.725781638322589
314,2.725781638322589
315,2.725781638322589
316,2.725781638322589
317,2.725781638322589
318,2.725781638322589
319,2.725781638322589
320,2.725781638322589
321,2.725781638322589
322,2.725781638322589
323,2.725781638322589
324,2.725781638322589
325,2.725781638322589
326,2.725781638322589
327,2.725781638322589
328,2.725781638322589
329,2.725781638322589
330,2.725781638322589
331,2.725781638322589
332,2.725781638322589
333,2.725781638322589
334,2.725781638322589
335,2.725781638322589
336,2.725781638322589
337,2.725781638322589
338,2.725781638322589
339,2.725781638322589
340,2.725781638322589
341,2.145921636068585
342,2.4411294876024887
343,2.145921636068585
344,2.145921636068585
345,2.145921636068585
346,2.386705418999842
347,2.145921636068585
348,2.145921636068585
349,2.5600897363307813
350,2.4411294876024887
351,1.9566987372189943
352,1.9566987372189943
353,1.9566987372189943
354,2.386705418999842
355,1.9566987372189943
356,1.9566987372189943
357,2.5600897363307813
358,2.4411294876024887
359,2.4411294876024887
360,2.4411294876024887
361,2.4411294876024887
362,2.4411294876024887
363,2.4411294876024887
364,2.5600897363307813
365,1.6711159158588083
366,1.2233359958230854
367,2.386705418999842
368,1.0568203148873347
369,1.2265350721563697
370,2.5600897363307813
371,1.6711159158588083
372,2.386705418999842
373,1.6711159158588083
374,1.6711159158588083
375,2.5600897363307813
376,2.386705418999842
377,1.2233359958230854
378,1.2265350721563697
379,2.5600897363307813
380,2.386705418999842
381,2.386705418999842
382,2.5600897363307813
383,1.2265350721563697
384,2.5600897363307813
385,2.5600897363307813
386,2.4411294876024887
387,2.145921636068585
388,2.145921636068585
389,2.145921636068585
390,2.386705418999842
391,2.145921636068585
392,2.145921636068585
393,2.5600897363307813
394,2.4411294876024887
395,2.4411294876024887
396,2.4411294876024887
397,2.4411294876024887
398,2.4411294876024887
399,2.4411294876024887
400,2.5600897363307813
401,2.145921636068585
402,2.145921636068585
403,2.386705418999842
404,2.145921636068585
405,2.145921636068585
406,2.5600897363307813
407,2.145921636068585
408,2.386705418999842
409,2.145921636068585
410,2.145921636068585
411,2.5600897363307813
412,2.386705418999842
413,2.145921636068585
414,2.145921636068585
415,2.5600897363307813
416,2.386705418999842
417,2.386705418999842
418,2.5600897363307813
419,2.145921636068585
420,2.5600897363307813
421,2.5600897363307813
422,2.4411294876024887
423,2.4411294876024887
424,2.4411294876024887
425,2.4411294876024887
426,2.4411294876024887
427,2.4411294876024887
428,2.5600897363307813
429,1.9566987372189943
430,1.9566987372189943
431,2.386705418999842
432,1.9566987372189943
433,1.9566987372189943
434,2.5600897363307813
435,1.9566987372189943
436,2.386705418999842
437,1.9566987372189943
438,1.9566987372189943
439,2.5600897363307813
440,2.386705418999842
441,1.9566987372189943
442,1.9566987372189943
443,2.5600897363307813
444,2.386705418999842
445,2.386705418999842
446,2.5600897363307813
447,1.9566987372189943
448,2.5600897363307813
449,2.5600897363307813
450,2.4411294876024887
451,2.4411294876024887
452,2.4411294876024887
453,2.4411294876024887
454,2.4411294876024887
455,2.5600897363307813
456,2.4411294876024887
457,2.4411294876024887
458,2.4411294876024887
459,2.4411294876024887
460,2.5600897363307813
461,2.4411294876024887
462,2.4411294876024887
463,2.4411294876024887
464,2.5600897363307813
465,2.4411294876024887
466,2.4411294876024887
467,2.5600897363307813
468,2.4411294876024887
469,2.5600897363307813
470,2.5600897363307813
471,1.6711159158588083
472,2.386705418999842
473,1.6711159158588083
474,1.6711159158588083
475,2.5600897363307813
476,2.386705418999842
477,1.2233359958230854
478,1.2265350721563697
479,2.5600897363307813
480,2.386705418999842
481,2.386705418999842
482,2.5600897363307813
483,1.2265350721563697
484,2.5600897363307813
485,2.5600897363307813
486,2.386705418999842
487,1.6711159158588083
488,1.6711159158588083
489,2.5600897363307813
490,2.386705418999842
491,2.386705418999842
492,2.5600897363307813
493,1.6711159158588083
494,2.5600897363307813
495,2.5600897363307813
496,2.386705418999842
497,2.386705418999842
498,2.5600897363307813
499,1.2265350721563697
500,2.5600897363307813
501,2.5600897363307813
502,2.386705418999842
503,2.5600897363307813
504,2.5600897363307813
505,2.5600897363307813
506,2.145921636068585
507,2.4411294876024887
508,2.145921636068585
509,2.145921636068585
510,2.145921636068585
511,2.386705418999842
512,2.145921636068585
513,2.145921636068585
514,2.5600897363307813
515,2.4411294876024887
516,1.9566987372189943
517,1.9566987372189943
518,1.9566987372189943
519,2.386705418999842
520,1.9566987372189943
521,1.9566987372189943
522,2.5600897363307813
523,2.4411294876024887
524,2.4411294876024887
525,2.4411294876024887
526,2.4411294876024887
527,2.4411294876024887
528,2.4411294876024887
529,2.5600897363307813
530,1.6711159158588083
531,1.2233359958230854
532,2.386705418999842
533,1.0568203148873347
534,1.2265350721563697
535,2.5600897363307813
536,1.6711159158588083
537,2.386705418999842
538,1.6711159158588083
539,1.6711159158588083
540,2.5600897363307813
541,2.386705418999842
542,1.2233359958230854
543,1.2265350721563697
544,2.5600897363307813
545,2.386705418999842
546,2.386705418999842
547,2.5600897363307813
548,1.2265350721563697
549,2.5600897363307813
550,2.5600897363307813
551,2.4411294876024887
552,2.145921636068585
553,2.145921636068585
554,2.145921636068585
555,2.386705418999842
556,2.145921636068585
557,2.145921636068585
558,2.5600897363307813
559,2.4411294876024887
560,2.4411294876024887
561,2.4411294876024887
562,2.4411294876024887
563,2.4411294876024887
564,2.4411294876024887
565,2.5600897363307813
566,2.145921636068585
567,2.145921636068585
568,2.386705418999842
569,2.145921636068585
570,2.145921636068585
571,2.5600897363307813
572,2.145921636068585
573,2.386705418999842
574,2.145921636068585
575,2.145921636068585
576,2.5600897363307813
577,2.386705418999842
578,2.145921636068585
579,2.145921636068585
580,2.5600897363307813
581,2.386705418999842
582,2.386705418999842
583,2.5600897363307813
584,2.145921636068585
585,2.5600897363307813
586,2.5600897363307813
587,2.4411294876024887
588,2.4411294876024887
589,2.4411294876024887
590,2.4411294876024887
591,2.4411294876024887
592,2.4411294876024887
593,2.5600897363307813
594,1.9566987372189943
595,1.9566987372189943
596,2.386705418999842
597,1.9566987372189943
598,1.9566987372189943
599,2.5600897363307813
600,1.9566987372189943
601,2.386705418999842
602,1.9566987372189943
603,1.9566987372189943
604,2.5600897363307813
605,2.386705418999842
606,1.9566987372189943
607,1.9566987372189943
608,2.5600897363307813
609,2.386705418999842
610,2.386705418999842
611,2.5600897363307813
612,1.9566987372189943
613,2.5600897363307813
614,2.5600897363307813
615,2.4411294876024887
616,2.4411294876024887
617,2.4411294876024887
618,2.4411294876024887
619,2.4411294876024887
620,2.5600897363307813
621,2.4411294876024887
622,2.4411294876024887
623,2.4411294876024887
624,2.4411294876024887
625,2.5600897363307813
626,2.4411294876024887
627,2.4411294876024887
628,2.4411294876024887
629,2.5600897363307813
630,2.4411294876024887
631,2.4411294876024887
632,2.5600897363307813
633,2.4411294876024887
634,2.5600897363307813
635,2.5600897363307813
636,1.6711159158588083
637,2.386705418999842
638,1.6711159158588083
639,1.6711159158588083
640,2.5600897363307813
641,2.386705418999842
642,1.2233359958230854
643,1.2265350721563697
644,2.5600897363307813
645,2.386705418999842
646,2.386705418999842
647,2.5600897363307813
648,1.2265350721563697
649,2.5600897363307813
650,2.5600897363307813
651,2.386705418999842
652,1.6711159158588083
653,1.6711159158588083
654,2.5600897363307813
655,2.386705418999842
656,2.386705418999842
657,2.5600897363307813
658,1.6711159158588083
659,2.5600897363307813
660,2.5600897363307813
661,2.386705418999842
662,2.386705418999842
663,2.5600897363307813
664,1.2265350721563697
665,2.5600897363307813
666,2.5600897363307813
667,2.386705418999842
668,2.5600897363307813
669,2.5600897363307813
670,2.5600897363307813
671,2.145921636068585
672,1.9566987372189943
673,1.9566987372189943
674,1.9566987372189943
675,2.145921636068585
676,1.9566987372189943
677,1.9566987372189943
678,2.145921636068585
679,2.145921636068585
680,2.145921636068585
681,2.145921636068585
682,2.386705418999842
683,2.145921636068585
684,2.145921636068585
685,2.4411294876024887
686,1.6711159158588083
687,1.2233359958230854
688,2.145921636068585
689,1.0568203148873347
690,1.2265350721563697
691,2.145921636068585
692,1.6711159158588083
693,2.145921636068585
694,1.6711159158588083
695,1.6711159158588083
696,2.145921636068585
697,2.145921636068585
698,1.2233359958230854
699,1.2265350721563697
700,2.145921636068585
701,2.145921636068585
702,2.145921636068585
703,2.386705418999842
704,1.2265350721563697
705,2.145921636068585
706,2.145921636068585
707,1.9566987372189943
708,1.9566987372189943
709,1.9566987372189943
710,2.386705418999842
711,1.9566987372189943
712,1.9566987372189943
713,2.4411294876024887
714,1.6711159158588083
715,1.2233359958230854
716,1.9566987372189943
717,1.0568203148873347
718,1.2265350721563697
719,1.9566987372189943
720,1.6711159158588083
721,1.9566987372189943
722,1.6711159158588083
723,1.6711159158588083
724,1.9566987372189943
725,1.9566987372189943
726,1.2233359958230854
727,1.2265350721563697
728,1.9566987372189943
729,1.9566987372189943
730,1.9566987372189943
731,2.386705418999842
732,1.2265350721563697
733,1.9566987372189943
734,1.9566987372189943
735,1.6711159158588083
736,1.2233359958230854
737,2.386705418999842
738,1.0568203148873347
739,1.2265350721563697
740,2.4411294876024887
741,1.6711159158588083
742,2.386705418999842
743,1.6711159158588083
744,1.6711159158588083
745,2.4411294876024887
746,2.386705418999842
747,1.2233359958230854
748,1.2265350721563697
749,2.4411294876024887
750,2.386705418999842
751,2.386705418999842
752,2.4411294876024887
753,1.2265350721563697
754,2.4411294876024887
755,2.4411294876024887
756,1.2233359958230854
757,1.6711159158588083
758,1.0568203148873347
759,1.2265350721563697
760,1.6711159158588083
761,1.2233359958230854
762,1.0568203148873347
763,1.2233359958230854
764,1.2233359958230854
765,1.0568203148873347
766,1.2265350721563697
767,2.386705418999842
768,1.0568203148873347
769,1.0568203148873347
770,1.2265350721563697
771,1.6711159158588083
772,1.2233359958230854
773,1.2265350721563697
774,1.6711159158588083
775,1.6711159158588083
776,1.6711159158588083
777,2.386705418999842
778,1.2265350721563697
779,1.6711159158588083
780,1.6711159158588083
781,1.2233359958230854
782,1.2265350721563697
783,2.386705418999842
784,1.2233359958230854
785,1.2233359958230854
786,1.2265350721563697
787,1.2265350721563697
788,2.386705418999842
789,2.386705418999842
790,1.2265350721563697
791,2.145921636068585
792,2.145921636068585
793,2.145921636068585
794,2.386705418999842
795,2.145921636068585
796,2.145921636068585
797,2.4411294876024887
798,1.9566987372189943
799,1.9566987372189943
800,2.145921636068585
801,1.9566987372189943
802,1.9566987372189943
803,2.145921636068585
804,1.9566987372189943
805,2.145921636068585
806,1.9566987372189943
807,1.9566987372189943
808,2.145921636068585
809,2.145921636068585
810,1.9566987372189943
811,1.9566987372189943
812,2.145921636068585
813,2.145921636068585
814,2.145921636068585
815,2.386705418999842
816,1.9566987372189943
817,2.145921636068585
818,2.145921636068585
819,2.145921636068585
820,2.145921636068585
821,2.386705418999842
822,2.145921636068585
823,2.145921636068585
824,2.4411294876024887
825,2.145921636068585
826,2.386705418999842
827,2.145921636068585
828,2.145921636068585
829,2.4411294876024887
830,2.386705418999842
831,2.145921636068585
832,2.145921636068585
833,2.4411294876024887
834,2.386705418999842
835,2.386705418999842
836,2.4411294876024887
837,2.145921636068585
838,2.4411294876024887
839,2.4411294876024887
840,1.6711159158588083
841,2.145921636068585
842,1.6711159158588083
843,1.6711159158588083
844,2.145921636068585
845,2.145921636068585
846,1.2233359958230854
847,1.2265350721563697
848,2.145921636068585
849,2.145921636068585
850,2.145921636068585
851,2.386705418999842
852,1.2265350721563697
853,2.145921636068585
854,2.145921636068585
855,2.145921636068585
856,1.6711159158588083
857,1.6711159158588083
858,2.145921636068585
859,2.145921636068585
860,2.145921636068585
861,2.386705418999842
862,1.6711159158588083
863,2.145921636068585
864,2.145921636068585
865,2.145921636068585
866,2.145921636068585
867,2.386705418999842
868,1.2265350721563697
869,2.145921636068585
870,2.145921636068585
871,2.145921636068585
872,2.386705418999842
873,2.386705418999842
874,2.145921636068585
875,1.9566987372189943
876,1.9566987372189943
877,2.386705418999842
878,1.9566987372189943
879,1.9566987372189943
880,2.4411294876024887
881,1.9566987372189943
882,2.386705418999842
883,1.9566987372189943
884,1.9566987372189943
885,2.4411294876024887
886,2.386705418999842
887,1.9566987372189943
888,1.9566987372189943
889,2.4411294876024887
890,2.386705418999842
891,2.386705418999842
892,2.4411294876024887
893,1.9566987372189943
894,2.4411294876024887
895,2.4411294876024887
896,1.6711159158588083
897,1.9566987372189943
898,1.6711159158588083
899,1.6711159158588083
900,1.9566987372189943
901,1.9566987372189943
902,1.2233359958230854
903,1.2265350721563697
904,1.9566987372189943
905,1.9566987372189943
906,1.9566987372189943
907,2.386705418999842
908,1.2265350721563697
909,1.9566987372189943
910,1.9566987372189943
911,1.9566987372189943
912,1.6711159158588083
913,1.6711159158588083
914,1.9566987372189943
915,1.9566987372189943
916,1.9566987372189943
917,2.386705418999842
918,1.6711159158588083
919,1.9566987372189943
920,1.9566987372189943
921,1.9566987372189943
922,1.9566987372189943
923,2.386705418999842
924,1.2265350721563697
925,1.9566987372189943
926,1.9566987372189943
927,1.9566987372189943
928,2.386705418999842
929,2.386705418999842
930,1.9566987372189943
931,1.6711159158588083
932,2.386705418999842
933,1.6711159158588083
934,1.6711159158588083
935,2.4411294876024887
936,2.386705418999842
937,1.2233359958230854
938,1.2265350721563697
939,2.4411294876024887
940,2.386705418999842
941,2.386705418999842
942,2.4411294876024887
943,1.2265350721563697
944,2.4411294876024887
945,2.4411294876024887
946,2.386705418999842
947,1.6711159158588083
948,1.6711159158588083
949,2.4411294876024887
950,2.386705418999842
951,2.386705418999842
952,2.4411294876024887
953,1.6711159158588083
954,2.4411294876024887
955,2.4411294876024887
956,2.386705418999842
957,2.386705418999842
958,2.4411294876024887
959,1.2265350721563697
960,2.4411294876024887
961,2.4411294876024887
962,2.386705418999842
963,2.4411294876024887
964,2.4411294876024887
965,2.4411294876024887
966,1.6711159158588083
967,1.2233359958230854
968,1.2265350721563697
969,1.6711159158588083
970,1.6711159158588083
971,1.6711159158588083
972,2.386705418999842
973,1.2265350721563697
974,1.6711159158588083
975,1.6711159158588083
976,1.2233359958230854
977,1.2265350721563697
978,2.386705418999842
979,1.2233359958230854
980,1.2233359958230854
981,1.2265350721563697
982,1.2265350721563697
983,2.386705418999842
984,2.386705418999842
985,1.2265350721563697
986,1.6711159158588083
987,1.6711159158588083
988,2.386705418999842
989,1.2265350721563697
990,1.6711159158588083
991,1.6711159158588083
992,1.6711159158588083
993,2.386705418999842
994,2.386705418999842
995,1.6711159158588083
996,1.2265350721563697
997,2.386705418999842
998,2.386705418999842
999,1.2265350721563697
1000,2.386705418999842
1001,2.2933461807161843
1002,2.2933461807161843
1003,2.4411294876024887
1004,2.2933461807161843
1005,2.2933461807161843
1006,2.2933461807161843
1007,2.386705418999842
1008,2.2933461807161843
1009,2.2933461807161843
1010,2.5600897363307813
1011,2.2933461807161843
1012,2.4411294876024887
1013,2.2933461807161843
1014,2.2933461807161843
1015,2.2933461807161843
1016,2.386705418999842
1017,2.2933461807161843
1018,2.2933461807161843
1019,2.5600897363307813
1020,2.4411294876024887
1021,2.2933461807161843
1022,2.2933461807161843
1023,2.2933461807161843
1024,2.386705418999842
1025,2.2933461807161843
1026,2.2933461807161843
1027,2.5600897363307813
1028,2.4411294876024887
1029,2.4411294876024887
1030,2.4411294876024887
1031,2.4411294876024887
1032,2.4411294876024887
1033,2.4411294876024887
1034,2.5600897363307813
1035,2.2933461807161843
1036,2.2933461807161843
1037,2.386705418999842
1038,2.2933461807161843
1039,2.2933461807161843
1040,2.5600897363307813
1041,2.2933461807161843
1042,2.386705418999842
1043,2.2933461807161843
1044,2.2933461807161843
1045,2.5600897363307813
1046,2.386705418999842
1047,2.2933461807161843
1048,2.2933461807161843
1049,2.5600897363307813
1050,2.386705418999842
1051,2.386705418999842
1052,2.5600897363307813
1053,2.2933461807161843
1054,2.5600897363307813
1055,2.5600897363307813
1056,2.145921636068585
1057,2.2933461807161843
1058,2.145921636068585
1059,2.145921636068585
1060,2.145921636068585
1061,2.2933461807161843
1062,2.145921636068585
1063,2.145921636068585
1064,2.2933461807161843
1065,2.2933461807161843
1066,1.9566987372189943
1067,1.9566987372189943
1068,1.9566987372189943
1069,2.2933461807161843
1070,1.9566987372189943
1071,1.9566987372189943
1072,2.2933461807161843
1073,2.2933461807161843
1074,2.2933461807161843
1075,2.2933461807161843
1076,2.386705418999842
1077,2.2933461807161843
1078,2.2933461807161843
1079,2.4411294876024887
1080,1.6711159158588083
1081,1.2233359958230854
1082,2.2933461807161843
1083,1.0568203148873347
1084,1.2265350721563697
1085,2.2933461807161843
1086,1.6711159158588083
1087,2.2933461807161843
1088,1.6711159158588083
1089,1.6711159158588083
1090,2.2933461807161843
1091,2.2933461807161843
1092,1.2233359958230854
1093,1.2265350721563697
1094,2.2933461807161843
1095,2.2933461807161843
1096,2.2933461807161843
1097,2.386705418999842
1098,1.2265350721563697
1099,2.2933461807161843
1100,2.2933461807161843
1101,2.2933461807161843
1102,2.145921636068585
1103,2.145921636068585
1104,2.145921636068585
1105,2.2933461807161843
1106,2.145921636068585
1107,2.145921636068585
1108,2.2933461807161843
1109,2.2933461807161843
1110,2.2933461807161843
1111,2.2933461807161843
1112,2.386705418999842
1113,2.2933461807161843
1114,2.2933461807161843
1115,2.4411294876024887
1116,2.145921636068585
1117,2.145921636068585
1118,2.2933461807161843
1119,2.145921636068585
1120,2.145921636068585
1121,2.2933461807161843
1122,2.145921636068585
1123,2.2933461807161843
1124,2.145921636068585
1125,2.145921636068585
1126,2.2933461807161843
1127,2.2933461807161843
1128,2.145921636068585
1129,2.145921636068585
1130,2.2933461807161843
1131,2.2933461807161843
1132,2.2933461807161843
1133,2.386705418999842
1134,2.145921636068585
1135,2.2933461807161843
1136,2.2933461807161843
1137,2.2933461807161843
1138,2.2933461807161843
1139,2.2933461807161843
1140,2.386705418999842
1141,2.2933461807161843
1142,2.2933461807161843
1143,2.4411294876024887
1144,1.9566987372189943
1145,1.9566987372189943
1146,2.2933461807161843
1147,1.9566987372189943
1148,1.9566987372189943
1149,2.2933461807161843
1150,1.9566987372189943
1151,2.2933461807161843
1152,1.9566987372189943
1153,1.9566987372189943
1154,2.2933461807161843
1155,2.2933461807161843
1156,1.9566987372189943
1157,1.9566987372189943
1158,2.2933461807161843
1159,2.2933461807161843
1160,2.2933461807161843
1161,2.386705418999842
1162,1.9566987372189943
1163,2.2933461807161843
1164,2.2933461807161843
1165,2.2933461807161843
1166,2.2933461807161843
1167,2.386705418999842
1168,2.2933461807161843
1169,2.2933461807161843
1170,2.4411294876024887
1171,2.2933461807161843
1172,2.386705418999842
1173,2.2933461807161843
1174,2.2933461807161843
1175,2.4411294876024887
1176,2.386705418999842
1177,2.2933461807161843
1178,2.2933461807161843
1179,2.4411294876024887
1180,2.386705418999842
1181,2.386705418999842
1182,2.4411294876024887
1183,2.2933461807161843
1184,2.4411294876024887
1185,2.4411294876024887
1186,1.6711159158588083
1187,2.2933461807161843
1188,1.6711159158588083
1189,1.6711159158588083
1190,2.2933461807161843
1191,2.2933461807161843
1192,1.2233359958230854
1193,1.2265350721563697
1194,2.2933461807161843
1195,2.2933461807161843
1196,2.2933461807161843
1197,2.386705418999842
1198,1.2265350721563697
1199,2.2933461807161843
1200,2.2933461807161843
1201,2.2933461807161843
1202,1.6711159158588083
1203,1.6711159158588083
1204,2.2933461807161843
1205,2.2933461807161843
1206,2.2933461807161843
1207,2.386705418999842
1208,1.6711159158588083
1209,2.2933461807161843
1210,2.2933461807161843
1211,2.2933461807161843
1212,2.2933461807161843
1213,2.386705418999842
1214,1.2265350721563697
1215,2.2933461807161843
1216,2.2933461807161843
1217,2.2933461807161843
1218,2.386705418999842
1219,2.386705418999842
1220,2.2933461807161843
1221,2.145921636068585
1222,2.2933461807161843
1223,2.145921636068585
1224,2.145921636068585
1225,2.145921636068585
1226,2.2933461807161843
1227,2.145921636068585
1228,2.145921636068585
1229,2.2933461807161843
1230,2.2933461807161843
1231,1.9566987372189943
1232,1.9566987372189943
1233,1.9566987372189943
1234,2.2933461807161843
1235,1.9566987372189943
1236,1.9566987372189943
1237,2.2933461807161843
1238,2.2933461807161843
1239,2.2933461807161843
1240,2.2933461807161843
1241,2.386705418999842
1242,2.2933461807161843
1243,2.2933461807161843
1244,2.4411294876024887
1245,1.6711159158588083
1246,1.2233359958230854
1247,2.2933461807161843
1248,1.0568203148873347
1249,1.2265350721563697
1250,2.2933461807161843
1251,1.6711159158588083
1252,2.2933461807161843
1253,1.6711159158588083
1254,1.6711159158588083
1255,2.2933461807161843
1256,2.2933461807161843
1257,1.2233359958230854
1258,1.2265350721563697
1259,2.2933461807161843
1260,2.2933461807161843
1261,2.2933461807161843
1262,2.386705418999842
1263,1.2265350721563697
1264,2.2933461807161843
1265,2.2933461807161843
1266,2.2933461807161843
1267,2.145921636068585
1268,2.145921636068585
1269,2.145921636068585
1270,2.2933461807161843
1271,2.145921636068585
1272,2.145921636068585
1273,2.2933461807161843
1274,2.2933461807161843
1275,2.2933461807161843
1276,2.2933461807161843
1277,2.386705418999842
1278,2.2933461807161843
1279,2.2933461807161843
1280,2.4411294876024887
1281,2.145921636068585
1282,2.145921636068585
1283,2.2933461807161843
1284,2.145921636068585
1285,2.145921636068585
1286,2.2933461807161843
1287,2.145921636068585
1288,2.2933461807161843
1289,2.145921636068585
1290,2.145921636068585
1291,2.2933461807161843
1292,2.2933461807161843
1293,2.145921636068585
1294,2.145921636068585
1295,2.2933461807161843
1296,2.2933461807161843
1297,2.2933461807161843
1298,2.386705418999842
1299,2.145921636068585
1300,2.2933461807161843
1301,2.2933461807161843
1302,2.2933461807161843
1303,2.2933461807161843
1304,2.2933461807161843
1305,2.386705418999842
1306,2.2933461807161843
1307,2.2933461807161843
1308,2.4411294876024887
1309,1.9566987372189943
1310,1.9566987372189943
1311,2.2933461807161843
1312,1.9566987372189943
1313,1.9566987372189943
1314,2.2933461807161843
1315,1.9566987372189943
1316,2.2933461807161843
1317,1.9566987372189943
1318,1.9566987372189943
1319,2.2933461807161843
1320,2.2933461807161843
1321,1.9566987372189943
1322,1.9566987372189943
1323,2.2933461807161843
1324,2.2933461807161843
1325,2.2933461807161843
1326,2.386705418999842
1327,1.9566987372189943
1328,2.2933461807161843
1329,2.2933461807161843
1330,2.2933461807161843
1331,2.2933461807161843
1332,2.386705418999842
1333,2.2933461807161843
1334,2.2933461807161843
1335,2.4411294876024887
1336,2.2933461807161843
1337,2.386705418999842
1338,2.2933461807161843
1339,2.2933461807161843
1340,2.4411294876024887
1341,2.386705418999842
1342,2.2933461807161843
1343,2.2933461807161843
1344,2.4411294876024887
1345,2.386705418999842
1346,2.386705418999842
1347,2.4411294876024887
1348,2.2933461807161843
1349,2.4411294876024887
1350,2.4411294876024887
1351,1.6711159158588083
1352,2.2933461807161843
1353,1.6711159158588083
1354,1.6711159158588083
1355,2.2933461807161843
1356,2.2933461807161843
1357,1.2233359958230854
1358,1.2265350721563697
1359,2.2933461807161843
1360,2.2933461807161843
1361,2.2933461807161843
1362,2.386705418999842
1363,1.2265350721563697
1364,2.2933461807161843
1365,2.2933461807161843
1366,2.2933461807161843
1367,1.6711159158588083
1368,1.6711159158588083
1369,2.2933461807161843
1370,2.2933461807161843
1371,2.2933461807161843
1372,2.386705418999842
1373,1.6711159158588083
1374,2.2933461807161843
1375,2.2933461807161843
1376,2.2933461807161843
1377,2.2933461807161843
1378,2.386705418999842
1379,1.2265350721563697
1380,2.2933461807161843
1381,2.2933461807161843
1382,2.2933461807161843
1383,2.386705418999842
1384,2.386705418999842
1385,2.2933461807161843
1386,2.145921636068585
1387,1.9566987372189943
1388,1.9566987372189943
1389,1.9566987372189943
1390,2.145921636068585
1391,1.9566987372189943
1392,1.9566987372189943
1393,2.145921636068585
1394,2.145921636068585
1395,2.145921636068585
1396,2.145921636068585
1397,2.2933461807161843
1398,2.145921636068585
1399,2.145921636068585
1400,2.2933461807161843
1401,1.6711159158588083
1402,1.2233359958230854
1403,2.145921636068585
1404,1.0568203148873347
1405,1.2265350721563697
1406,2.145921636068585
1407,1.6711159158588083
1408,2.145921636068585
1409,1.6711159158588083
1410,1.6711159158588083
1411,2.145921636068585
1412,2.145921636068585
1413,1.2233359958230854
1414,1.2265350721563697
1415,2.145921636068585
1416,2.145921636068585
1417,2.145921636068585
1418,2.2933461807161843
1419,1.2265350721563697
1420,2.145921636068585
1421,2.145921636068585
1422,1.9566987372189943
1423,1.9566987372189943
1424,1.9566987372189943
1425,2.2933461807161843
1426,1.9566987372189943
1427,1.9566987372189943
1428,2.2933461807161843
1429,1.6711159158588083
1430,1.2233359958230854
1431,1.9566987372189943
1432,1.0568203148873347
1433,1.2265350721563697
1434,1.9566987372189943
1435,1.6711159158588083
1436,1.9566987372189943
1437,1.6711159158588083
1438,1.6711159158588083
1439,1.9566987372189943
1440,1.9566987372189943
1441,1.2233359958230854
1442,1.2265350721563697
1443,1.9566987372189943
1444,1.9566987372189943
1445,1.9566987372189943
1446,2.2933461807161843
1447,1.2265350721563697
1448,1.9566987372189943
1449,1.9566987372189943
1450,1.6711159158588083
1451,1.2233359958230854
1452,2.2933461807161843
1453,1.0568203148873347
1454,1.2265350721563697
1455,2.2933461807161843
1456,1.6711159158588083
1457,2.2933461807161843
1458,1.6711159158588083
1459,1.6711159158588083
1460,2.2933461807161843
1461,2.2933461807161843
1462,1.2233359958230854
1463,1.2265350721563697
1464,2.2933461807161843
1465,2.2933461807161843
1466,2.2933461807161843
1467,2.386705418999842
1468,1.2265350721563697
1469,2.2933461807161843
1470,2.2933461807161843
1471,1.2233359958230854
1472,1.6711159158588083
1473,1.0568203148873347
1474,1.2265350721563697
1475,1.6711159158588083
1476,1.2233359958230854
1477,1.0568203148873347
1478,1.2233359958230854
1479,1.2233359958230854
1480,1.0568203148873347
1481,1.2265350721563697
1482,2.2933461807161843
1483,1.0568203148873347
1484,1.0568203148873347
1485,1.2265350721563697
1486,1.6711159158588083
1487,1.2233359958230854
1488,1.2265350721563697
1489,1.6711159158588083
1490,1.6711159158588083
1491,1.6711159158588083
1492,2.2933461807161843
1493,1.2265350721563697
1494,1.6711159158588083
1495,1.6711159158588083
1496,1.2233359958230854
1497,1.2265350721563697
1498,2.2933461807161843
1499,1.2233359958230854
1500,1.2233359958230854
1501,1.2265350721563697
1502,1.2265350721563697
1503,2.2933461807161843
1504,2.2933461807161843
1505,1.2265350721563697
1506,2.145921636068585
1507,2.145921636068585
1508,2.145921636068585
1509,2.2933461807161843
1510,2.145921636068585
1511,2.145921636068585
1512,2.2933461807161843
1513,1.9566987372189943
1514,1.9566987372189943
1515,2.145921636068585
1516,1.9566987372189943
1517,1.9566987372189943
1518,2.145921636068585
1519,1.9566987372189943
1520,2.145921636068585
1521,1.9566987372189943
1522,1.9566987372189943
1523,2.145921636068585
1524,2.145921636068585
1525,1.9566987372189943
1526,1.9566987372189943
1527,2.145921636068585
1528,2.145921636068585
1529,2.145921636068585
1530,2.2933461807161843
1531,1.9566987372189943
1532,2.145921636068585
1533,2.145921636068585
1534,2.145921636068585
1535,2.145921636068585
1536,2.2933461807161843
1537,2.145921636068585
1538,2.145921636068585
1539,2.2933461807161843
1540,2.145921636068585
1541,2.2933461807161843
1542,2.145921636068585
1543,2.145921636068585
1544,2.2933461807161843
1545,2.2933461807161843
1546,2.145921636068585
1547,2.145921636068585
1548,2.2933461807161843
1549,2.2933461807161843
1550,2.2933461807161843
1551,2.386705418999842
1552,2.145921636068585
1553,2.2933461807161843
1554,2.2933461807161843
1555,1.6711159158588083
1556,2.145921636068585
1557,1.6711159158588083
1558,1.6711159158588083
1559,2.145921636068585
1560,2.145921636068585
1561,1.2233359958230854
1562,1.2265350721563697
1563,2.145921636068585
1564,2.145921636068585
1565,2.145921636068585
1566,2.2933461807161843
1567,1.2265350721563697
1568,2.145921636068585
1569,2.145921636068585
1570,2.145921636068585
1571,1.6711159158588083
1572,1.6711159158588083
1573,2.145921636068585
1574,2.145921636068585
1575,2.145921636068585
1576,2.2933461807161843
1577,1.6711159158588083
1578,2.145921636068585
1579,2.145921636068585
1580,2.145921636068585
1581,2.145921636068585
1582,2.2933461807161843
1583,1.2265350721563697
1584,2.145921636068585
1585,2.145921636068585
1586,2.145921636068585
1587,2.2933461807161843
1588,2.2933461807161843
1589,2.145921636068585
1590,1.9566987372189943
1591,1.9566987372189943
1592,2.2933461807161843
1593,1.9566987372189943
1594,1.9566987372189943
1595,2.2933461807161843
1596,1.9566987372189943
1597,2.2933461807161843
1598,1.9566987372189943
1599,1.9566987372189943
1600,2.2933461807161843
1601,2.2933461807161843
1602,1.9566987372189943
1603,1.9566987372189943
1604,2.2933461807161843
1605,2.2933461807161843
1606,2.2933461807161843
1607,2.386705418999842
1608,1.9566987372189943
1609,2.2933461807161843
1610,2.2933461807161843
1611,1.6711159158588083
1612,1.9566987372189943
1613,1.6711159158588083
1614,1.6711159158588083
1615,1.9566987372189943
1616,1.9566987372189943
1617,1.2233359958230854
1618,1.2265350721563697
1619,1.9566987372189943
1620,1.9566987372189943
1621,1.9566987372189943
1622,2.2933461807161843
1623,1.2265350721563697
1624,1.9566987372189943
1625,1.9566987372189943
1626,1.9566987372189943
1627,1.6711159158588083
1628,1.6711159158588083
1629,1.9566987372189943
1630,1.9566987372189943
1631,1.9566987372189943
1632,2.2933461807161843
1633,1.6711159158588083
1634,1.9566987372189943
1635,1.9566987372189943
1636,1.9566987372189943
1637,1.9566987372189943
1638,2.2933461807161843
1639,1.2265350721563697
1640,1.9566987372189943
1641,1.9566987372189943
1642,1.9566987372189943
1643,2.2933461807161843
1644,2.2933461807161843
1645,1.9566987372189943
1646,1.6711159158588083
1647,2.2933461807161843
1648,1.6711159158588083
1649,1.6711159158588083
1650,2.2933461807161843
1651,2.2933461807161843
1652,1.2233359958230854
1653,1.2265350721563697
1654,2.2933461807161843
1655,2.2933461807161843
1656,2.2933461807161843
1657,2.386705418999842
1658,1.2265350721563697
1659,2.2933461807161843
1660,2.2933461807161843
1661,2.2933461807161843
1662,1.6711159158588083
1663,1.6711159158588083
1664,2.2933461807161843
1665,2.2933461807161843
1666,2.2933461807161843
1667,2.386705418999842
1668,1.6711159158588083
1669,2.2933461807161843
1670,2.2933461807161843
1671,2.2933461807161843
1672,2.2933461807161843
1673,2.386705418999842
1674,1.2265350721563697
1675,2.2933461807161843
1676,2.2933461807161843
1677,2.2933461807161843
1678,2.386705418999842
1679,2.386705418999842
1680,2.2933461807161843
1681,1.6711159158588083
1682,1.2233359958230854
1683,1.2265350721563697
1684,1.6711159158588083
1685,1.6711159158588083
1686,1.6711159158588083
1687,2.2933461807161843
1688,1.2265350721563697
1689,1.6711159158588083
1690,1.6711159158588083
1691,1.2233359958230854
1692,1.2265350721563697
1693,2.2933461807161843
1694,1.2233359958230854
1695,1.2233359958230854
1696,1.2265350721563697
1697,1.2265350721563697
1698,2.2933461807161843
1699,2.2933461807161843
1700,1.2265350721563697
1701,1.6711159158588083
1702,1.6711159158588083
1703,2.2933461807161843
1704,1.2265350721563697
1705,1.6711159158588083
1706,1.6711159158588083
1707,1.6711159158588083
1708,2.2933461807161843
1709,2.2933461807161843
1710,1.6711159158588083
1711,1.2265350721563697
1712,2.2933461807161843
1713,2.2933461807161843
1714,1.2265350721563697
1715,2.2933461807161843
1716,2.145921636068585
1717,2.4411294876024887
1718,2.145921636068585
1719,2.145921636068585
1720,2.145921636068585
1721,2.386705418999842
1722,2.145921636068585
1723,2.145921636068585
1724,2.5600897363307813
1725,2.4411294876024887
1726,1.9566987372189943
1727,1.9566987372189943
1728,1.9566987372189943
1729,2.386705418999842
1730,1.9566987372189943
1731,1.9566987372189943
1732,2.5600897363307813
1733,2.4411294876024887
1734,2.4411294876024887
1735,2.4411294876024887
1736,2.4411294876024887
1737,2.4411294876024887
1738,2.4411294876024887
1739,2.5600897363307813
1740,1.6711159158588083
1741,1.2233359958230854
1742,2.386705418999842
1743,1.0568203148873347
1744,1.2265350721563697
1745,2.5600897363307813
1746,1.6711159158588083
1747,2.386705418999842
1748,1.6711159158588083
1749,1.6711159158588083
1750,2.5600897363307813
1751,2.386705418999842
1752,1.2233359958230854
1753,1.2265350721563697
1754,2.5600897363307813
1755,2.386705418999842
1756,2.386705418999842
1757,2.5600897363307813
1758,1.2265350721563697
1759,2.5600897363307813
1760,2.5600897363307813
1761,2.4411294876024887
1762,2.145921636068585
1763,2.145921636068585
1764,2.145921636068585
1765,2.386705418999842
1766,2.145921636068585
1767,2.145921636068585
1768,2.5600897363307813
1769,2.4411294876024887
1770,2.4411294876024887
1771,2.4411294876024887
1772,2.4411294876024887
1773,2.4411294876024887
1774,2.4411294876024887
1775,2.5600897363307813
1776,2.145921636068585
1777,2.145921636068585
1778,2.386705418999842
1779,2.145921636068585
1780,2.145921636068585
1781,2.5600897363307813
1782,2.145921636068585
1783,2.386705418999842
1784,2.145921636068585
1785,2.145921636068585
1786,2.5600897363307813
1787,2.386705418999842
1788,2.145921636068585
1789,2.145921636068585
1790,2.5600897363307813
1791,2.386705418999842
1792,2.386705418999842
1793,2.5600897363307813
1794,2.145921636068585
1795,2.5600897363307813
1796,2.5600897363307813
1797,2.4411294876024887
1798,2.4411294876024887
1799,2.4411294876024887
1800,2.4411294876024887
1801,2.4411294876024887
1802,2.4411294876024887
1803,2.5600897363307813
1804,1.9566987372189943
1805,1.9566987372189943
1806,2.386705418999842
1807,1.9566987372189943
1808,1.9566987372189943
1809,2.5600897363307813
1810,1.9566987372189943
1811,2.386705418999842
1812,1.9566987372189943
1813,1.9566987372189943
1814,2.5600897363307813
1815,2.386705418999842
1816,1.9566987372189943
1817,1.9566987372189943
1818,2.5600897363307813
1819,2.386705418999842
1820,2.386705418999842
1821,2.5600897363307813
1822,1.9566987372189943
1823,2.5600897363307813
1824,2.5600897363307813
1825,2.4411294876024887
1826,2.4411294876024887
1827,2.4411294876024887
1828,2.4411294876024887
1829,2.4411294876024887
1830,2.5600897363307813
1831,2.4411294876024887
1832,2.4411294876024887
1833,2.4411294876024887
1834,2.4411294876024887
1835,2.5600897363307813
1836,2.4411294876024887
1837,2.4411294876024887
1838,2.4411294876024887
1839,2.5600897363307813
1840,2.4411294876024887
1841,2.4411294876024887
1842,2.5600897363307813
1843,2.4411294876024887
1844,2.5600897363307813
1845,2.5600897363307813
1846,1.6711159158588083
1847,2.386705418999842
1848,1.6711159158588083
1849,1.6711159158588083
1850,2.5600897363307813
1851,2.386705418999842
1852,1.2233359958230854
1853,1.2265350721563697
1854,2.5600897363307813
1855,2.386705418999842
1856,2.386705418999842
1857,2.5600897363307813
1858,1.2265350721563697
1859,2.5600897363307813
1860,2.5600897363307813
1861,2.386705418999842
1862,1.6711159158588083
1863,1.6711159158588083
1864,2.5600897363307813
1865,2.386705418999842
1866,2.386705418999842
1867,2.5600897363307813
1868,1.6711159158588083
1869,2.5600897363307813
1870,2.5600897363307813
1871,2.386705418999842
1872,2.386705418999842
1873,2.5600897363307813
1874,1.2265350721563697
1875,2.5600897363307813
1876,2.5600897363307813
1877,2.386705418999842
1878,2.5600897363307813
1879,2.5600897363307813
1880,2.5600897363307813
1881,2.145921636068585
1882,1.9566987372189943
1883,1.9566987372189943
1884,1.9566987372189943
1885,2.145921636068585
1886,1.9566987372189943
1887,1.9566987372189943
1888,2.145921636068585
1889,2.145921636068585
1890,2.145921636068585
1891,2.145921636068585
1892,2.386705418999842
1893,2.145921636068585
1894,2.145921636068585
1895,2.4411294876024887
1896,1.6711159158588083
1897,1.2233359958230854
1898,2.145921636068585
1899,1.0568203148873347
1900,1.2265350721563697
1901,2.145921636068585
1902,1.6711159158588083
1903,2.145921636068585
1904,1.6711159158588083
1905,1.6711159158588083
1906,2.145921636068585
1907,2.145921636068585
1908,1.2233359958230854
1909,1.2265350721563697
1910,2.145921636068585
1911,2.145921636068585
1912,2.145921636068585
1913,2.386705418999842
1914,1.2265350721563697
1915,2.145921636068585
1916,2.145921636068585
1917,1.9566987372189943
1918,1.9566987372189943
1919,1.9566987372189943
1920,2.386705418999842
1921,1.9566987372189943
1922,1.9566987372189943
1923,2.4411294876024887
1924,1.6711159158588083
1925,1.2233359958230854
1926,1.9566987372189943
1927,1.0568203148873347
1928,1.2265350721563697
1929,1.9566987372189943
1930,1.6711159158588083
1931,1.9566987372189943
1932,1.6711159158588083
1933,1.6711159158588083
1934,1.9566987372189943
1935,1.9566987372189943
1936,1.2233359958230854
1937,1.2265350721563697
1938,1.9566987372189943
1939,1.9566987372189943
1940,1.9566987372189943
1941,2.386705418999842
1942,1.2265350721563697
1943,1.9566987372189943
1944,1.9566987372189943
1945,1.6711159158588083
1946,1.2233359958230854
1947,2.386705418999842
1948,1.0568203148873347
1949,1.2265350721563697
1950,2.4411294876024887
1951,1.6711159158588083
1952,2.386705418999842
1953,1.6711159158588083
1954,1.6711159158588083
1955,2.4411294876024887
1956,2.386705418999842
1957,1.2233359958230854
1958,1.2265350721563697
1959,2.4411294876024887
1960,2.386705418999842
1961,2.386705418999842
1962,2.4411294876024887
1963,1.2265350721563697
1964,2.4411294876024887
1965,2.4411294876024887
1966,1.2233359958230854
1967,1.6711159158588083
1968,1.0568203148873347
1969,1.2265350721563697
1970,1.6711159158588083
1971,1.2233359958230854
1972,1.0568203148873347
1973,1.2233359958230854
1974,1.2233359958230854
1975,1.0568203148873347
1976,1.2265350721563697
1977,2.386705418999842
1978,1.0568203148873347
1979,1.0568203148873347
1980,1.2265350721563697
1981,1.6711159158588083
1982,1.2233359958230854
1983,1.2265350721563697
1984,1.6711159158588083
1985,1.6711159158588083
1986,1.6711159158588083
1987,2.386705418999842
1988,1.2265350721563697
1989,1.6711159158588083
1990,1.6711159158588083
1991,1.2233359958230854
1992,1.2265350721563697
1993,2.386705418999842
1994,1.2233359958230854
1995,1.2233359958230854
1996,1.2265350721563697
1997,1.2265350721563697
1998,2.386705418999842
1999,2.386705418999842
2000,1.2265350721563697
2001,2.145921636068585
2002,2.145921636068585
2003,2.145921636068585
2004,2.386705418999842
2005,2.145921636068585
2006,2.145921636068585
2007,2.4411294876024887
2008,1.9566987372189943
2009,1.9566987372189943
2010,2.145921636068585
2011,1.9566987372189943
2012,1.9566987372189943
2013,2.145921636068585
2014,1.9566987372189943
2015,2.145921636068585
2016,1.9566987372189943
2017,1.9566987372189943
2018,2.145921636068585
2019,2.145921636068585
2020,1.9566987372189943
2021,1.9566987372189943
2022,2.145921636068585
2023,2.145921636068585
2024,2.145921636068585
2025,2.386705418999842
2026,1.9566987372189943
2027,2.145921636068585
2028,2.145921636068585
2029,2.145921636068585
2030,2.145921636068585
2031,2.386705418999842
2032,2.145921636068585
2033,2.145921636068585
2034,2.4411294876024887
2035,2.145921636068585
2036,2.386705418999842
2037,2.145921636068585
2038,2.145921636068585
2039,2.4411294876024887
2040,2.386705418999842
2041,2.145921636068585
2042,2.145921636068585
2043,2.4411294876024887
2044,2.386705418999842
2045,2.386705418999842
2046,2.4411294876024887
2047,2.145921636068585
2048,2.4411294876024887
2049,2.4411294876024887
2050,1.6711159158588083
2051,2.145921636068585
2052,1.6711159158588083
2053,1.6711159158588083
2054,2.145921636068585
2055,2.145921636068585
2056,1.2233359958230854
2057,1.2265350721563697
2058,2.145921636068585
2059,2.145921636068585
2060,2.145921636068585
2061,2.386705418999842
2062,1.2265350721563697
2063,2.145921636068585
2064,2.145921636068585
2065,2.145921636068585
2066,1.6711159158588083
2067,1.6711159158588083
2068,2.145921636068585
2069,2.145921636068585
2070,2.145921636068585
2071,2.386705418999842
2072,1.6711159158588083
2073,2.145921636068585
2074,2.145921636068585
2075,2.145921636068585
2076,2.145921636068585
2077,2.386705418999842
2078,1.2265350721563697
2079,2.145921636068585
2080,2.145921636068585
2081,2.145921636068585
2082,2.386705418999842
2083,2.386705418999842
2084,2.145921636068585
2085,1.9566987372189943
2086,1.9566987372189943
2087,2.386705418999842
2088,1.9566987372189943
2089,1.9566987372189943
2090,2.4411294876024887
2091,1.9566987372189943
2092,2.386705418999842
2093,1.9566987372189943
2094,1.9566987372189943
2095,2.4411294876024887
2096,2.386705418999842
2097,1.9566987372189943
2098,1.9566987372189943
2099,2.4411294876024887
2100,2.386705418999842
2101,2.386705418999842
2102,2.4411294876024887
2103,1.9566987372189943
2104,2.4411294876024887
2105,2.4411294876024887
2106,1.6711159158588083
2107,1.9566987372189943
2108,1.6711159158588083
2109,1.6711159158588083
2110,1.9566987372189943
2111,1.9566987372189943
2112,1.2233359958230854
2113,1.2265350721563697
2114,1.9566987372189943
2115,1.9566987372189943
2116,1.9566987372189943
2117,2.386705418999842
2118,1.2265350721563697
2119,1.9566987372189943
2120,1.9566987372189943
2121,1.9566987372189943
2122,1.6711159158588083
2123,1.6711159158588083
2124,1.9566987372189943
2125,1.9566987372189943
2126,1.9566987372189943
2127,2.386705418999842
2128,1.6711159158588083
2129,1.9566987372189943
2130,1.9566987372189943
2131,1.9566987372189943
2132,1.9566987372189943
2133,2.386705418999842
2134,1.2265350721563697
2135,1.9566987372189943
2136,1.9566987372189943
2137,1.9566987372189943
2138,2.386705418999842
2139,2.386705418999842
2140,1.9566987372189943
2141,1.6711159158588083
2142,2.386705418999842
2143,1.6711159158588083
2144,1.6711159158588083
2145,2.4411294876024887
2146,2.386705418999842
2147,1.2233359958230854
2148,1.2265350721563697
2149,2.4411294876024887
2150,2.386705418999842
2151,2.386705418999842
2152,2.4411294876024887
2153,1.2265350721563697
2154,2.4411294876024887
2155,2.4411294876024887
2156,2.386705418999842
2157,1.6711159158588083
2158,1.6711159158588083
2159,2.4411294876024887
2160,2.386705418999842
2161,2.386705418999842
2162,2.4411294876024887
2163,1.6711159158588083
2164,2.4411294876024887
2165,2.4411294876024887
2166,2.386705418999842
2167,2.386705418999842
2168,2.4411294876024887
2169,1.2265350721563697
2170,2.4411294876024887
2171,2.4411294876024887
2172,2.386705418999842
2173,2.4411294876024887
2174,2.4411294876024887
2175,2.4411294876024887
2176,1.6711159158588083
2177,1.2233359958230854
2178,1.2265350721563697
2179,1.6711159158588083
2180,1.6711159158588083
2181,1.6711159158588083
2182,2.386705418999842
2183,1.2265350721563697
2184,1.6711159158588083
2185,1.6711159158588083
2186,1.2233359958230854
2187,1.2265350721563697
2188,2.386705418999842
2189,1.2233359958230854
2190,1.2233359958230854
2191,1.2265350721563697
2192,1.2265350721563697
2193,2.386705418999842
2194,2.386705418999842
2195,1.2265350721563697
2196,1.6711159158588083
2197,1.6711159158588083
2198,2.386705418999842
2199,1.2265350721563697
2200,1.6711159158588083
2201,1.6711159158588083
2202,1.6711159158588083
2203,2.386705418999842
2204,2.386705418999842
2205,1.6711159158588083
2206,1.2265350721563697
2207,2.386705418999842
2208,2.386705418999842
2209,1.2265350721563697
2210,2.386705418999842
2211,2.145921636068585
2212,1.9566987372189943
2213,1.9566987372189943
2214,1.9566987372189943
2215,2.145921636068585
2216,1.9566987372189943
2217,1.9566987372189943
2218,2.145921636068585
2219,2.145921636068585
2220,2.145921636068585
2221,2.145921636068585
2222,2.386705418999842
2223,2.145921636068585
2224,2.145921636068585
2225,2.4411294876024887
2226,1.6711159158588083
2227,1.2233359958230854
2228,2.145921636068585
2229,1.0568203148873347
2230,1.2265350721563697
2231,2.145921636068585
2232,1.6711159158588083
2233,2.145921636068585
2234,1.6711159158588083
2235,1.6711159158588083
2236,2.145921636068585
2237,2.145921636068585
2238,1.2233359958230854
2239,1.2265350721563697
2240,2.145921636068585
2241,2.145921636068585
2242,2.145921636068585
2243,2.386705418999842
2244,1.2265350721563697
2245,2.145921636068585
2246,2.145921636068585
2247,1.9566987372189943
2248,1.9566987372189943
2249,1.9566987372189943
2250,2.386705418999842
2251,1.9566987372189943
2252,1.9566987372189943
2253,2.4411294876024887
2254,1.6711159158588083
2255,1.2233359958230854
2256,1.9566987372189943
2257,1.0568203148873347
2258,1.2265350721563697
2259,1.9566987372189943
2260,1.6711159158588083
2261,1.9566987372189943
2262,1.6711159158588083
2263,1.6711159158588083
2264,1.9566987372189943
2265,1.9566987372189943
2266,1.2233359958230854
2267,1.2265350721563697
2268,1.9566987372189943
2269,1.9566987372189943
2270,1.9566987372189943
2271,2.386705418999842
2272,1.2265350721563697
2273,1.9566987372189943
2274,1.9566987372189943
2275,1.6711159158588083
2276,1.2233359958230854
2277,2.386705418999842
2278,1.0568203148873347
2279,1.2265350721563697
2280,2.4411294876024887
2281,1.6711159158588083
2282,2.386705418999842
2283,1.6711159158588083
2284,1.6711159158588083
2285,2.4411294876024887
2286,2.386705418999842
2287,1.2233359958230854
2288,1.2265350721563697
2289,2.4411294876024887
2290,2.386705418999842
2291,2.386705418999842
2292,2.4411294876024887
2293,1.2265350721563697
2294,2.4411294876024887
2295,2.4411294876024887
2296,1.2233359958230854
2297,1.6711159158588083
2298,1.0568203148873347
2299,1.2265350721563697
2300,1.6711159158588083
2301,1.2233359958230854
2302,1.0568203148873347
2303,1.2233359958230854
2304,1.2233359958230854
2305,1.0568203148873347
2306,1.2265350721563697
2307,2.386705418999842
2308,1.0568203148873347
2309,1.0568203148873347
2310,1.2265350721563697
2311,1.6711159158588083
2312,1.2233359958230854
2313,1.2265350721563697
2314,1.6711159158588083
2315,1.6711159158588083
2316,1.6711159158588083
2317,2.386705418999842
2318,1.2265350721563697
2319,1.6711159158588083
2320,1.6711159158588083
2321,1.2233359958230854
2322,1.2265350721563697
2323,2.386705418999842
2324,1.2233359958230854
2325,1.2233359958230854
2326,1.2265350721563697
2327,1.2265350721563697
2328,2.386705418999842
2329,2.386705418999842
2330,1.2265350721563697
2331,2.145921636068585
2332,2.145921636068585
2333,2.145921636068585
2334,2.386705418999842
2335,2.145921636068585
2336,2.145921636068585
2337,2.4411294876024887
2338,1.9566987372189943
2339,1.9566987372189943
2340,2.145921636068585
2341,1.9566987372189943
2342,1.9566987372189943
2343,2.145921636068585
2344,1.9566987372189943
2345,2.145921636068585
2346,1.9566987372189943
2347,1.9566987372189943
2348,2.145921636068585
2349,2.145921636068585
2350,1.9566987372189943
2351,1.9566987372189943
2352,2.145921636068585
2353,2.145921636068585
2354,2.145921636068585
2355,2.386705418999842
2356,1.9566987372189943
2357,2.145921636068585
2358,2.145921636068585
2359,2.145921636068585
2360,2.145921636068585
2361,2.386705418999842
2362,2.145921636068585
2363,2.145921636068585
2364,2.4411294876024887
2365,2.145921636068585
2366,2.386705418999842
2367,2.145921636068585
2368,2.145921636068585
2369,2.4411294876024887
2370,2.386705418999842
2371,2.145921636068585
2372,2.145921636068585
2373,2.4411294876024887
2374,2.386705418999842
2375,2.386705418999842
2376,2.4411294876024887
2377,2.145921636068585
2378,2.4411294876024887
2379,2.4411294876024887
2380,1.6711159158588083
2381,2.145921636068585
2382,1.6711159158588083
2383,1.6711159158588083
2384,2.145921636068585
2385,2.145921636068585
2386,1.2233359958230854
2387,1.2265350721563697
2388,2.145921636068585
2389,2.145921636068585
2390,2.145921636068585
2391,2.386705418999842
2392,1.2265350721563697
2393,2.145921636068585
2394,2.145921636068585
2395,2.145921636068585
2396,1.6711159158588083
2397,1.6711159158588083
2398,2.145921636068585
2399,2.145921636068585
2400,2.145921636068585
2401,2.386705418999842
2402,1.6711159158588083
2403,2.145921636068585
2404,2.145921636068585
2405,2.145921636068585
2406,2.145921636068585
2407,2.386705418999842
2408,1.2265350721563697
2409,2.145921636068585
2410,2.145921636068585
2411,2.145921636068585
2412,2.386705418999842
2413,2.386705418999842
2414,2.145921636068585
2415,1.9566987372189943
2416,1.9566987372189943
2417,2.386705418999842
2418,1.9566987372189943
2419,1.9566987372189943
2420,2.4411294876024887
2421,1.9566987372189943
2422,2.386705418999842
2423,1.9566987372189943
2424,1.9566987372189943
2425,2.4411294876024887
2426,2.386705418999842
2427,1.9566987372189943
2428,1.9566987372189943
2429,2.4411294876024887
2430,2.386705418999842
2431,2.386705418999842
2432,2.4411294876024887
2433,1.9566987372189943
2434,2.4411294876024887
2435,2.4411294876024887
2436,1.6711159158588083
2437,1.9566987372189943
2438,1.6711159158588083
2439,1.6711159158588083
2440,1.9566987372189943
2441,1.9566987372189943
2442,1.2233359958230854
2443,1.2265350721563697
2444,1.9566987372189943
2445,1.9566987372189943
2446,1.9566987372189943
2447,2.386705418999842
2448,1.2265350721563697
2449,1.9566987372189943
2450,1.9566987372189943
2451,1.9566987372189943
2452,1.6711159158588083
2453,1.6711159158588083
2454,1.9566987372189943
2455,1.9566987372189943
2456,1.9566987372189943
2457,2.386705418999842
2458,1.6711159158588083
2459,1.9566987372189943
2460,1.9566987372189943
2461,1.9566987372189943
2462,1.9566987372189943
2463,2.386705418999842
2464,1.2265350721563697
2465,1.9566987372189943
2466,1.9566987372189943
2467,1.9566987372189943
2468,2.386705418999842
2469,2.386705418999842
2470,1.9566987372189943
2471,1.6711159158588083
2472,2.386705418999842
2473,1.6711159158588083
2474,1.6711159158588083
2475,2.4411294876024887
2476,2.386705418999842
2477,1.2233359958230854
2478,1.2265350721563697
2479,2.4411294876024887
2480,2.386705418999842
2481,2.386705418999842
2482,2.4411294876024887
2483,1.2265350721563697
2484,2.4411294876024887
2485,2.4411294876024887
2486,2.386705418999842
2487,1.6711159158588083
2488,1.6711159158588083
2489,2.4411294876024887
2490,2.386705418999842
2491,2.386705418999842
2492,2.4411294876024887
2493,1.6711159158588083
2494,2.4411294876024887
2495,2.4411294876024887
2496,2.386705418999842
2497,2.386705418999842
2498,2.4411294876024887
2499,1.2265350721563697
2500,2.4411294876024887
2501,2.4411294876024887
2502,2.386705418999842
2503,2.4411294876024887
2504,2.4411294876024887
2505,2.4411294876024887
2506,1.6711159158588083
2507,1.2233359958230854
2508,1.2265350721563697
2509,1.6711159158588083
2510,1.6711159158588083
2511,1.6711159158588083
2512,2.386705418999842
2513,1.2265350721563697
2514,1.6711159158588083
2515,1.6711159158588083
2516,1.2233359958230854
2517,1.2265350721563697
2518,2.386705418999842
2519,1.2233359958230854
2520,1.2233359958230854
2521,1.2265350721563697
2522,1.2265350721563697
2523,2.386705418999842
2524,2.386705418999842
2525,1.2265350721563697
2526,1.6711159158588083
2527,1.6711159158588083
2528,2.386705418999842
2529,1.2265350721563697
2530,1.6711159158588083
2531,1.6711159158588083
2532,1.6711159158588083
2533,2.386705418999842
2534,2.386705418999842
2535,1.6711159158588083
2536,1.2265350721563697
2537,2.386705418999842
2538,2.386705418999842
2539,1.2265350721563697
2540,2.386705418999842
2541,1.9566987372189943
2542,1.9566987372189943
2543,1.9566987372189943
2544,2.145921636068585
2545,1.9566987372189943
2546,1.9566987372189943
2547,2.145921636068585
2548,1.6711159158588083
2549,1.2233359958230854
2550,1.9566987372189943
2551,1.0568203148873347
2552,1.2265350721563697
2553,1.9566987372189943
2554,1.6711159158588083
2555,1.9566987372189943
2556,1.6711159158588083
2557,1.6711159158588083
2558,1.9566987372189943
2559,1.9566987372189943
2560,1.2233359958230854
2561,1.2265350721563697
2562,1.9566987372189943
2563,1.9566987372189943
2564,1.9566987372189943
2565,2.145921636068585
2566,1.2265350721563697
2567,1.9566987372189943
2568,1.9566987372189943
2569,1.6711159158588083
2570,1.2233359958230854
2571,2.145921636068585
2572,1.0568203148873347
2573,1.2265350721563697
2574,2.145921636068585
2575,1.6711159158588083
2576,2.145921636068585
2577,1.6711159158588083
2578,1.6711159158588083
2579,2.145921636068585
2580,2.145921636068585
2581,1.2233359958230854
2582,1.2265350721563697
2583,2.145921636068585
2584,2.145921636068585
2585,2.145921636068585
2586,2.386705418999842
2587,1.2265350721563697
2588,2.145921636068585
2589,2.145921636068585
2590,1.2233359958230854
2591,1.6711159158588083
2592,1.0568203148873347
2593,1.2265350721563697
2594,1.6711159158588083
2595,1.2233359958230854
2596,1.0568203148873347
2597,1.2233359958230854
2598,1.2233359958230854
2599,1.0568203148873347
2600,1.2265350721563697
2601,2.145921636068585
2602,1.0568203148873347
2603,1.0568203148873347
2604,1.2265350721563697
2605,1.6711159158588083
2606,1.2233359958230854
2607,1.2265350721563697
2608,1.6711159158588083
2609,1.6711159158588083
2610,1.6711159158588083
2611,2.145921636068585
2612,1.2265350721563697
2613,1.6711159158588083
2614,1.6711159158588083
2615,1.2233359958230854
2616,1.2265350721563697
2617,2.145921636068585
2618,1.2233359958230854
2619,1.2233359958230854
2620,1.2265350721563697
2621,1.2265350721563697
2622,2.145921636068585
2623,2.145921636068585
2624,1.2265350721563697
2625,1.6711159158588083
2626,1.2233359958230854
2627,1.9566987372189943
2628,1.0568203148873347
2629,1.2265350721563697
2630,1.9566987372189943
2631,1.6711159158588083
2632,1.9566987372189943
2633,1.6711159158588083
2634,1.6711159158588083
2635,1.9566987372189943
2636,1.9566987372189943
2637,1.2233359958230854
2638,1.2265350721563697
2639,1.9566987372189943
2640,1.9566987372189943
2641,1.9566987372189943
2642,2.386705418999842
2643,1.2265350721563697
2644,1.9566987372189943
2645,1.9566987372189943
2646,1.2233359958230854
2647,1.6711159158588083
2648,1.0568203148873347
2649,1.2265350721563697
2650,1.6711159158588083
2651,1.2233359958230854
2652,1.0568203148873347
2653,1.2233359958230854
2654,1.2233359958230854
2655,1.0568203148873347
2656,1.2265350721563697
2657,1.9566987372189943
2658,1.0568203148873347
2659,1.0568203148873347
2660,1.2265350721563697
2661,1.6711159158588083
2662,1.2233359958230854
2663,1.2265350721563697
2664,1.6711159158588083
2665,1.6711159158588083
2666,1.6711159158588083
2667,1.9566987372189943
2668,1.2265350721563697
2669,1.6711159158588083
2670,1.6711159158588083
2671,1.2233359958230854
2672,1.2265350721563697
2673,1.9566987372189943
2674,1.2233359958230854
2675,1.2233359958230854
2676,1.2265350721563697
2677,1.2265350721563697
2678,1.9566987372189943
2679,1.9566987372189943
2680,1.2265350721563697
2681,1.2233359958230854
2682,1.6711159158588083
2683,1.0568203148873347
2684,1.2265350721563697
2685,1.6711159158588083
2686,1.2233359958230854
2687,1.0568203148873347
2688,1.2233359958230854
2689,1.2233359958230854
2690,1.0568203148873347
2691,1.2265350721563697
2692,2.386705418999842
2693,1.0568203148873347
2694,1.0568203148873347
2695,1.2265350721563697
2696,1.6711159158588083
2697,1.2233359958230854
2698,1.2265350721563697
2699,1.6711159158588083
2700,1.6711159158588083
2701,1.6711159158588083
2702,2.386705418999842
2703,1.2265350721563697
2704,1.6711159158588083
2705,1.6711159158588083
2706,1.2233359958230854
2707,1.2265350721563697
2708,2.386705418999842
2709,1.2233359958230854
2710,1.2233359958230854
2711,1.2265350721563697
2712,1.2265350721563697
2713,2.386705418999842
2714,2.386705418999842
2715,1.2265350721563697
2716,1.2233359958230854
2717,1.0568203148873347
2718,1.2233359958230854
2719,1.2233359958230854
2720,1.0568203148873347
2721,1.2265350721563697
2722,1.6711159158588083
2723,1.0568203148873347
2724,1.0568203148873347
2725,1.2265350721563697
2726,1.0568203148873347
2727,1.2233359958230854
2728,1.2233359958230854
2729,1.0568203148873347
2730,1.0568203148873347
2731,1.2233359958230854
2732,1.0568203148873347
2733,1.0568203148873347
2734,1.2265350721563697
2735,1.0568203148873347
2736,1.2233359958230854
2737,1.2265350721563697
2738,1.6711159158588083
2739,1.2233359958230854
2740,1.2233359958230854
2741,1.2265350721563697
2742,1.2265350721563697
2743,1.6711159158588083
2744,1.6711159158588083
2745,1.2265350721563697
2746,1.2233359958230854
2747,1.2233359958230854
2748,1.2265350721563697
2749,1.2233359958230854
2750,1.2265350721563697
2751,1.9566987372189943
2752,1.9566987372189943
2753,2.145921636068585
2754,1.9566987372189943
2755,1.9566987372189943
2756,2.145921636068585
2757,1.9566987372189943
2758,2.145921636068585
2759,1.9566987372189943
2760,1.9566987372189943
2761,2.145921636068585
2762,2.145921636068585
2763,1.9566987372189943
2764,1.9566987372189943
2765,2.145921636068585
2766,2.145921636068585
2767,2.145921636068585
2768,2.386705418999842
2769,1.9566987372189943
2770,2.145921636068585
2771,2.145921636068585
2772,1.6711159158588083
2773,1.9566987372189943
2774,1.6711159158588083
2775,1.6711159158588083
2776,1.9566987372189943
2777,1.9566987372189943
2778,1.2233359958230854
2779,1.2265350721563697
2780,1.9566987372189943
2781,1.9566987372189943
2782,1.9566987372189943
2783,2.145921636068585
2784,1.2265350721563697
2785,1.9566987372189943
2786,1.9566987372189943
2787,1.9566987372189943
2788,1.6711159158588083
2789,1.6711159158588083
2790,1.9566987372189943
2791,1.9566987372189943
2792,1.9566987372189943
2793,2.145921636068585
2794,1.6711159158588083
2795,1.9566987372189943
2796,1.9566987372189943
2797,1.9566987372189943
2798,1.9566987372189943
2799,2.145921636068585
2800,1.2265350721563697
2801,1.9566987372189943
2802,1.9566987372189943
2803,1.9566987372189943
2804,2.145921636068585
2805,2.145921636068585
2806,1.9566987372189943
2807,1.6711159158588083
2808,2.145921636068585
2809,1.6711159158588083
2810,1.6711159158588083
2811,2.145921636068585
2812,2.145921636068585
2813,1.2233359958230854
2814,1.2265350721563697
2815,2.145921636068585
2816,2.145921636068585
2817,2.145921636068585
2818,2.386705418999842
2819,1.2265350721563697
2820,2.145921636068585
2821,2.145921636068585
2822,2.145921636068585
2823,1.6711159158588083
2824,1.6711159158588083
2825,2.145921636068585
2826,2.145921636068585
2827,2.145921636068585
2828,2.386705418999842
2829,1.6711159158588083
2830,2.145921636068585
2831,2.145921636068585
2832,2.145921636068585
2833,2.145921636068585
2834,2.386705418999842
2835,1.2265350721563697
2836,2.145921636068585
2837,2.145921636068585
2838,2.145921636068585
2839,2.386705418999842
2840,2.386705418999842
2841,2.145921636068585
2842,1.6711159158588083
2843,1.2233359958230854
2844,1.2265350721563697
2845,1.6711159158588083
2846,1.6711159158588083
2847,1.6711159158588083
2848,2.145921636068585
2849,1.2265350721563697
2850,1.6711159158588083
2851,1.6711159158588083
2852,1.2233359958230854
2853,1.2265350721563697
2854,2.145921636068585
2855,1.2233359958230854
2856,1.2233359958230854
2857,1.2265350721563697
2858,1.2265350721563697
2859,2.145921636068585
2860,2.145921636068585
2861,1.2265350721563697
2862,1.6711159158588083
2863,1.6711159158588083
2864,2.145921636068585
2865,1.2265350721563697
2866,1.6711159158588083
2867,1.6711159158588083
2868,1.6711159158588083
2869,2.145921636068585
2870,2.145921636068585
2871,1.6711159158588083
2872,1.2265350721563697
2873,2.145921636068585
2874,2.145921636068585
2875,1.2265350721563697
2876,2.145921636068585
2877,1.6711159158588083
2878,1.9566987372189943
2879,1.6711159158588083
2880,1.6711159158588083
2881,1.9566987372189943
2882,1.9566987372189943
2883,1.2233359958230854
2884,1.2265350721563697
2885,1.9566987372189943
2886,1.9566987372189943
2887,1.9566987372189943
2888,2.386705418999842
2889,1.2265350721563697
2890,1.9566987372189943
2891,1.9566987372189943
2892,1.9566987372189943
2893,1.6711159158588083
2894,1.6711159158588083
2895,1.9566987372189943
2896,1.9566987372189943
2897,1.9566987372189943
2898,2.386705418999842
2899,1.6711159158588083
2900,1.9566987372189943
2901,1.9566987372189943
2902,1.9566987372189943
2903,1.9566987372189943
2904,2.386705418999842
2905,1.2265350721563697
2906,1.9566987372189943
2907,1.9566987372189943
2908,1.9566987372189943
2909,2.386705418999842
2910,2.386705418999842
2911,1.9566987372189943
2912,1.6711159158588083
2913,1.2233359958230854
2914,1.2265350721563697
2915,1.6711159158588083
2916,1.6711159158588083
2917,1.6711159158588083
2918,1.9566987372189943
2919,1.2265350721563697
2920,1.6711159158588083
2921,1.6711159158588083
2922,1.2233359958230854
2923,1.2265350721563697
2924,1.9566987372189943
2925,1.2233359958230854
2926,1.2233359958230854
2927,1.2265350721563697
2928,1.2265350721563697
2929,1.9566987372189943
2930,1.9566987372189943
2931,1.2265350721563697
2932,1.6711159158588083
2933,1.6711159158588083
2934,1.9566987372189943
2935,1.2265350721563697
2936,1.6711159158588083
2937,1.6711159158588083
2938,1.6711159158588083
2939,1.9566987372189943
2940,1.9566987372189943
2941,1.6711159158588083
2942,1.2265350721563697
2943,1.9566987372189943
2944,1.9566987372189943
2945,1.2265350721563697
2946,1.9566987372189943
2947,1.6711159158588083
2948,1.2233359958230854
2949,1.2265350721563697
2950,1.6711159158588083
2951,1.6711159158588083
2952,1.6711159158588083
2953,2.386705418999842
2954,1.2265350721563697
2955,1.6711159158588083
2956,1.6711159158588083
2957,1.2233359958230854
2958,1.2265350721563697
2959,2.386705418999842
2960,1.2233359958230854
2961,1.2233359958230854
2962,1.2265350721563697
2963,1.2265350721563697
2964,2.386705418999842
2965,2.386705418999842
2966,1.2265350721563697
2967,1.6711159158588083
2968,1.6711159158588083
2969,2.386705418999842
2970,1.2265350721563697
2971,1.6711159158588083
2972,1.6711159158588083
2973,1.6711159158588083
2974,2.386705418999842
2975,2.386705418999842
2976,1.6711159158588083
2977,1.2265350721563697
2978,2.386705418999842
2979,2.386705418999842
2980,1.2265350721563697
2981,2.386705418999842
2982,1.2233359958230854
2983,1.2265350721563697
2984,1.6711159158588083
2985,1.2233359958230854
2986,1.2233359958230854
2987,1.2265350721563697
2988,1.2265350721563697
2989,1.6711159158588083
2990,1.6711159158588083
2991,1.2265350721563697
2992,1.2233359958230854
2993,1.2233359958230854
2994,1.2265350721563697
2995,1.2233359958230854
2996,1.2265350721563697
2997,1.2265350721563697
2998,1.6711159158588083
2999,1.6711159158588083
3000,1.2265350721563697
3001,1.6711159158588083
3002,1.2265350721563697
